image_id,risk
scn-164-ma1y9,0.149006
scn-386-rw1e9,0.198448
scn-997-zs1gt,0.312538
scn-478-bc9f0,0.072022
scn-114-27h9c,0.612206
scn-141-q2dpy,0.304508
scn-935-38b6x,0.270039
scn-856-1v8g0,0.296279
scn-540-eoqra,0.123556
scn-872-e99me,0.175945
scn-998-efgmd,0.272552
scn-871-9x94d,0.463560
scn-424-hm7lv,0.313793
scn-399-dxgds,0.391324
scn-620-s6bvf,0.393967
scn-896-u00tj,0.566712
scn-196-8half,0.169253
scn-884-763ka,0.158484
scn-358-981y7,0.750623
scn-868-ydaev,0.196497
scn-402-scf5e,0.131209
scn-297-jhklw,0.294744
scn-301-ltq90,0.312524
scn-388-sjnbw,0.121950
scn-122-mrfp3,0.830683
scn-891-ar3ga,0.356073
scn-279-px0pp,0.406986
scn-253-czb28,0.302275
scn-808-zmp28,0.143330
scn-921-r3bk3,0.549081
scn-713-dhhs4,0.830796
scn-644-bzdzd,0.223979
scn-134-wjrl4,0.871425
scn-587-uia3u,0.794086
scn-604-a3zvj,0.415360
scn-424-wnne2,0.308520
scn-378-cwk7o,0.338882
scn-510-ddh0x,0.147956
scn-156-4xli3,0.110545
scn-651-pqrb1,0.841695
scn-497-lvxsn,0.926410
scn-973-2lkpr,0.179083
scn-454-p6s1s,0.061903
scn-904-vsd6x,0.681399
scn-712-x2dgw,0.756183
scn-596-cplw1,0.843976
scn-558-15x2m,0.289261
scn-589-aptxy,0.313222
scn-438-5jtqf,0.375015
scn-213-fv1jk,0.443873
scn-998-q3h9r,0.506752
scn-862-ybo1v,0.476490
scn-602-3aviu,0.203305
scn-945-5d4qe,0.678571
scn-195-y0oea,0.202239
scn-843-i9df0,0.379600
scn-366-oa93n,0.368922
scn-561-mqu9a,0.566852
scn-727-63rtq,0.555492
scn-504-pitv0,0.430707
scn-313-heq6s,0.083377
scn-892-u2s0n,0.156984
scn-202-qjfi0,0.303851
scn-386-eiqug,0.160988
scn-333-g3hgj,0.166525
scn-788-m1zrv,0.304708
scn-599-a01wx,0.231627
scn-876-5ce5s,0.619727
scn-878-mbsr9,0.183976
scn-890-bxxx2,0.330789
scn-376-kmehx,0.515088
scn-958-o98n9,0.211208
scn-688-3lewd,0.198258
scn-237-25ywc,0.338660
scn-931-6ig7c,0.081535
scn-129-l1c5t,0.691622
scn-171-7qv20,0.318777
scn-848-aa6qh,0.690496
scn-554-uy48k,0.709265
scn-810-jv0v8,0.744456
scn-364-bofnu,0.196639
scn-557-rq4s9,0.681852
scn-304-oq6sk,0.251165
scn-233-z484r,0.292964
scn-426-zmk99,0.544375
scn-251-u53vr,0.254791
scn-926-ybja3,0.259383
scn-189-f2gdd,0.087085
scn-231-katto,0.266484
scn-958-84mi2,0.482114
scn-391-ghkap,0.136775
scn-434-ma229,0.209113
scn-519-61f6y,0.813783
scn-713-omc63,0.251385
scn-501-kn6e2,0.266284
scn-356-yrmv2,0.242738
scn-117-3idtr,0.103279
scn-386-7z6s1,0.361317
scn-627-f3my8,0.209508
scn-957-u4d0z,0.183091
scn-142-9yl47,0.211588
scn-994-kgts1,0.560291
scn-389-czlke,0.198860
scn-484-6m4y8,0.249645
scn-695-8cwit,0.218317
scn-675-tghgb,0.040136
scn-957-j8kxa,0.226619
scn-888-unma9,0.192155
scn-275-e3k8r,0.554521
scn-464-jplo2,0.505099
scn-595-kkzqb,0.052772
scn-117-v4tsm,0.105266
scn-530-i3ylu,0.654426
scn-563-nug2x,0.520419
scn-802-rlfch,0.602706
scn-818-ea0du,0.104647
scn-432-3286e,0.672246
scn-340-dkncp,0.382265
scn-102-y48ts,0.216322
scn-351-qd15f,0.784934
scn-876-0hlzl,0.413172
scn-944-jrfhb,0.305898
scn-174-h0c8e,0.720057
scn-157-xuttr,0.495669
scn-278-dyudq,0.236531
scn-550-uguhe,0.344437
scn-640-ksb0u,0.143264
scn-944-icxpg,0.272256
scn-699-8vqgx,0.110436
scn-858-ask6s,0.387227
scn-596-jzxos,0.121815
scn-843-22xzl,0.408437
scn-683-n8537,0.171858
scn-836-6izoy,0.552580
scn-893-df9y3,0.376757
scn-980-r9ai0,0.423044
scn-262-dy8e6,0.321781
scn-405-u0hmt,0.535133
scn-294-a1ve4,0.590364
scn-480-nl54x,0.389627
scn-948-8idl4,0.086068
scn-935-wbgg5,0.194087
scn-799-hvpcp,0.177898
scn-480-bhtdw,0.355061
scn-335-4imb1,0.904909
scn-660-nbp97,0.228779
scn-917-3oweb,0.824003
scn-363-x8zjw,0.318679
scn-462-uazok,0.205020
scn-234-fakz8,0.855530
scn-249-d0uj4,0.084788
scn-764-udybp,0.869119
scn-318-wbdyj,0.778456
scn-164-qxldt,0.622566
scn-320-z9qv7,0.704547
scn-482-eq0p4,0.340688
scn-177-jsxg8,0.574451
scn-683-pbanv,0.247733
scn-911-jns6v,0.342035
scn-309-i4kd0,0.201264
scn-503-kl1ro,0.074182
scn-165-rgxkn,0.269608
scn-130-5trb2,0.184617
scn-347-gu258,0.386497
scn-714-1zom6,0.349358
scn-195-1wseg,0.439598
scn-831-ujkvt,0.383051
scn-400-5u5l8,0.671614
scn-344-e70h2,0.199854
scn-111-1htfj,0.221577
scn-102-wwg1s,0.239778
scn-724-uitsr,0.844178
scn-493-6mod6,0.081459
scn-722-zu2l8,0.097112
scn-790-8ogxr,0.597556
scn-572-74yvb,0.145285
scn-614-rj2g2,0.277755
scn-422-55afz,0.108810
scn-482-lzpt5,0.111510
scn-338-6mw2n,0.348839
scn-754-brl8j,0.413178
scn-254-irqbe,0.282697
scn-794-qigu2,0.564345
scn-800-x5m0d,0.883806
scn-529-y2tzi,0.200665
scn-537-p0rba,0.714517
scn-346-jo6po,0.373004
scn-501-pf6di,0.883918
scn-870-6a2pj,0.431138
scn-919-bc33x,0.261465
scn-684-9hcio,0.160177
scn-596-42npx,0.208718
scn-687-qcps9,0.522699
scn-370-xj2y5,0.137745
scn-340-emdob,0.245120
scn-920-n7gj0,0.704829
scn-611-eyjuk,0.108507
scn-452-iy2bn,0.311577
scn-450-r8kii,0.489365
scn-591-9kwc4,0.423721
scn-214-vimns,0.117257
scn-936-dz70k,0.505139
scn-968-63t77,0.349664
scn-579-pkeqr,0.358636
scn-450-igqf1,0.221282
scn-608-zjvw5,0.219036
scn-291-ifezq,0.220921
scn-515-w26pb,0.252126
scn-656-af1kz,0.329342
scn-909-aidbn,0.397319
scn-515-kiv42,0.173787
scn-564-xnsjr,0.679787
scn-775-yjoe1,0.480339
scn-612-dcjrc,0.205709
scn-297-ll88c,0.052017
scn-149-uvjic,0.262489
scn-942-d1ke0,0.261293
scn-330-429us,0.545974
scn-115-bizj4,0.394788
scn-900-r652y,0.270040
scn-987-rzi6v,0.186875
scn-264-mu2yi,0.847867
scn-795-vvig4,0.172509
scn-566-5feso,0.343949
scn-333-knl81,0.296338
scn-615-tv4v4,0.155730
scn-674-dkb14,0.905197
scn-515-arifl,0.082747
scn-829-ljkrv,0.221888
scn-350-uavyi,0.225031
scn-702-oa9vm,0.223897
scn-115-w4yqi,0.277355
scn-512-niarz,0.412858
scn-411-knv9f,0.726187
scn-954-2eayw,0.461962
scn-840-lw2ma,0.206267
scn-715-w6jo9,0.074656
scn-238-kj1n6,0.108669
scn-319-e5jpn,0.345991
scn-275-qiw1a,0.501328
scn-932-8b3pv,0.040487
scn-971-wcou4,0.222071
scn-666-7zvkn,0.210469
scn-910-a90qx,0.256535
scn-556-1gbg1,0.243531
scn-907-rnz5s,0.776867
scn-525-rjkwa,0.267070
scn-978-y7ulw,0.157323
scn-277-sdbd7,0.260529
scn-913-t7q6q,0.743914
scn-429-nfr42,0.466834
scn-503-63lo0,0.306965
scn-913-gc9gw,0.451343
scn-967-7lh64,0.814135
scn-945-ex4ij,0.176474
scn-766-k26ni,0.358952
scn-907-8tif1,0.243045
scn-597-s53il,0.130239
scn-116-au3dp,0.729011
scn-575-z8k33,0.195279
scn-231-zq1qi,0.705076
scn-690-tu3fs,0.791364
scn-103-rexkd,0.096592
scn-892-clndb,0.597068
scn-653-vdskl,0.380954
scn-543-46q0u,0.184022
scn-386-cdi4y,0.269735
scn-423-t49pl,0.586821
scn-135-6iey1,0.394795
scn-946-680sa,0.854807
scn-981-2q56a,0.749122
scn-620-lv147,0.335396
scn-727-5hm60,0.236159
scn-867-aks6o,0.128232
scn-324-0npd6,0.158587
scn-359-8yn37,0.146690
scn-840-qlqqd,0.397276
scn-938-8gz0v,0.501321
scn-375-8zv5o,0.299902
scn-520-fy691,0.446050
scn-223-4qfmn,0.153253
scn-117-jp8vn,0.651729
scn-688-2h9kf,0.220064
scn-963-0419y,0.512990
scn-506-bz9ho,0.188807
scn-758-bouj6,0.285949
scn-983-wcwzj,0.676110
scn-422-kvex3,0.774515
scn-360-vxe1s,0.275528
scn-603-5aovd,0.362413
scn-954-ih9w8,0.244741
scn-719-6mdmk,0.103764
scn-595-aq2za,0.376862
scn-463-nu4l0,0.191334
scn-606-wpzdz,0.143996
scn-943-nf2l6,0.160112
scn-752-ttn6w,0.414426
scn-475-lmck1,0.790624
scn-843-8v20q,0.324227
scn-345-itslp,0.217936
scn-543-0mk8n,0.845685
scn-936-ckxlk,0.093757
scn-184-gdm3c,0.623412
scn-688-cyky2,0.579104
scn-193-mw7nm,0.118915
scn-558-deid9,0.282889
scn-919-f0u4u,0.256684
scn-722-pijh0,0.264379
scn-391-oij23,0.651351
scn-958-cxf1r,0.818545
scn-447-3irhr,0.161191
scn-868-7c73j,0.299968
scn-196-ifzr7,0.321325
scn-437-ljmpi,0.145345
scn-117-mgm70,0.434359
scn-603-ix5vr,0.176211
scn-927-wg616,0.487843
scn-873-h1qwt,0.643813
scn-357-8sqy9,0.355298
scn-564-jyxri,0.770139
scn-947-bm9qz,0.349225
scn-289-vpvi4,0.071956
scn-267-eaerd,0.092263
scn-815-yxeie,0.189945
scn-597-7012i,0.165142
scn-201-rcwuv,0.305685
scn-735-zh3vd,0.813769
scn-840-ug1eq,0.165981
scn-266-rftge,0.405077
scn-933-95ays,0.328222
scn-165-tqliu,0.292960
scn-972-dtkqg,0.205653
scn-750-yx71u,0.396175
scn-193-q80at,0.085344
scn-955-xa3iy,0.313279
scn-809-1twm7,0.099510
scn-675-1oljn,0.136262
scn-254-5e91m,0.229788
scn-596-vmpu9,0.309894
scn-598-9oudq,0.732989
scn-263-u94i3,0.162883
scn-859-8rizr,0.485062
scn-360-s3hgn,0.202037
scn-854-z0v4k,0.680093
scn-884-kfk0r,0.424409
scn-606-2k44o,0.469588
scn-111-9s0fn,0.120449
scn-124-dprfh,0.248276
scn-321-lnhsj,0.166380
scn-577-vo4o2,0.253714
scn-437-8uree,0.396701
scn-395-1kv7m,0.212021
scn-138-m5ti6,0.287178
scn-950-6r6ts,0.339791
scn-506-s5ez1,0.413777
scn-105-pvjux,0.642801
scn-298-e2rjl,0.451618
